<package_assortment xmlns:xsi="http://www.w3.org/2001/XMLSchema-instance" xmlns:xsd="http://www.w3.org/2001/XMLSchema"><item><product_id>2301340</product_id><gtc_generic_class_id>TRNPEI</gtc_generic_class_id><gtc_vendor_class_id>TRNPEI_WSV$$CC_MPMC01</gtc_vendor_class_id><p21_value_change_timestamp>2023-09-08T15:06:44Z</p21_value_change_timestamp><p21_structure_change_timestamp>2023-09-08T15:06:44Z</p21_structure_change_timestamp><p21_file_name>2301340.p21</p21_file_name><p21_file_url>product_data_files\2301340.p21</p21_file_url><gtc_generic_version>1.7</gtc_generic_version><unit_system>metric</unit_system></item></package_assortment>