<package_meta_data xmlns:xsi="http://www.w3.org/2001/XMLSchema-instance" xsi:noNamespaceSchemaLocation="../../xml schemas/package_meta_data_update20150223.xsd"><supported_gtc_generic_versions>1.10</supported_gtc_generic_versions><vendor_hierarchy_version>2.0.0</vendor_hierarchy_version><vendor_name>Kennametal</vendor_name><vendor_acronym>KMT</vendor_acronym><gtc_package_creation_date>2023-09-08T15:06:44Z</gtc_package_creation_date><gtc_package_id>20230829070341</gtc_package_id><logo_url /><language><language_code>eng</language_code><short_description>editool GTC class hierarchy structure - August 2023 with a subset of product data.</short_description><long_description>This package includes the hierarchy provided by GTC</long_description><disclaimer_url>./disclaimer/en-us/disclaimer_en.txt</disclaimer_url></language></package_meta_data>