﻿<?xml version="1.0" encoding="utf-8"?>
<!--Copyright © MachiningCloud, Inc. 2023-->
<package_assortment>
	<item>
		<product_id>Ferramentas 1_39269757</product_id>
		<gtc_generic_class_id />
		<gtc_vendor_class_id />
		<p21_value_change_timestamp>2023-09-05T13:15:59</p21_value_change_timestamp>
		<p21_structure_change_timestamp>0001-01-01T00:00:00</p21_structure_change_timestamp>
		<p21_file_name>Ferramentas 1_39269757.p21</p21_file_name>
		<p21_file_url>product_data_files\Ferramentas 1_39269757.p21</p21_file_url>
		<gtc_generic_version />
		<unit_system>metric</unit_system>
	</item>
	<item>
		<product_id>Walter_5012661</product_id>
		<gtc_generic_class_id>ADPRS</gtc_generic_class_id>
		<gtc_vendor_class_id>ADPRS_MTAP</gtc_vendor_class_id>
		<p21_value_change_timestamp>2023-09-05T13:15:59</p21_value_change_timestamp>
		<p21_structure_change_timestamp>0001-01-01T00:00:00</p21_structure_change_timestamp>
		<p21_file_name>Walter_5012661.p21</p21_file_name>
		<p21_file_url>product_data_files\Walter_5012661.p21</p21_file_url>
		<gtc_generic_version>1.10</gtc_generic_version>
		<unit_system>metric</unit_system>
	</item>
	<item>
		<product_id>Iscar_3603118</product_id>
		<gtc_generic_class_id>TRNGEI</gtc_generic_class_id>
		<gtc_vendor_class_id>TRNGEI_MTAP</gtc_vendor_class_id>
		<p21_value_change_timestamp>2023-09-05T13:15:59</p21_value_change_timestamp>
		<p21_structure_change_timestamp>0001-01-01T00:00:00</p21_structure_change_timestamp>
		<p21_file_name>Iscar_3603118.p21</p21_file_name>
		<p21_file_url>product_data_files\Iscar_3603118.p21</p21_file_url>
		<gtc_generic_version>1.10</gtc_generic_version>
		<unit_system>metric</unit_system>
	</item>
	<item>
		<product_id>Iscar_5569183</product_id>
		<gtc_generic_class_id>INSI</gtc_generic_class_id>
		<gtc_vendor_class_id>INSI_MISO$C</gtc_vendor_class_id>
		<p21_value_change_timestamp>2023-09-05T13:15:59</p21_value_change_timestamp>
		<p21_structure_change_timestamp>0001-01-01T00:00:00</p21_structure_change_timestamp>
		<p21_file_name>Iscar_5569183.p21</p21_file_name>
		<p21_file_url>product_data_files\Iscar_5569183.p21</p21_file_url>
		<gtc_generic_version>1.10</gtc_generic_version>
		<unit_system>metric</unit_system>
	</item>
</package_assortment>